INSERT INTO permissions(name,id,created_at,updated_at) VALUES('permission_update','pp00000002','2024-08-13 13:39:39','2024-08-13 13:39:39'),('permission_read','pp00000003','2024-08-14 13:28:49','2024-08-14 13:28:49'),('permission_delete','pp00000004','2024-08-14 13:30:09','2024-08-14 13:30:09'),('role_create','pp00000005','2024-08-14 13:30:51','2024-08-14 13:30:51'),('role_update','pp00000006','2024-08-14 13:31:05','2024-08-14 13:31:05'),('role_read','pp00000007','2024-08-14 13:31:12','2024-08-14 15:42:09'),('role_delete','pp00000008','2024-08-14 13:31:19','2024-08-14 13:31:19'),('user_read','pp00000009','2024-08-15 06:11:17','2024-08-15 06:11:17'),('user_update','pp00000010','2024-08-15 06:11:24','2024-08-15 06:11:24'),('user_delete','pp00000011','2024-08-15 06:11:30','2024-08-15 06:11:30'),('permission_create','pp00000001','2024-08-16 08:52:45','2024-08-16 08:52:47'),('file_read','pp00000012','2024-08-23 18:40:03','2024-08-23 18:40:03'),('file_create','pp00000013','2024-08-23 18:54:12','2024-08-23 18:54:12'),('file_delete','pp00000014','2024-08-24 16:15:20','2024-08-24 16:15:20'),('etl_extract','pp00000015','2024-08-26 06:09:57','2024-08-26 06:09:57');
INSERT INTO roles(name,id,created_at,updated_at) VALUES('superadmin','rr00000001','2024-08-13 12:32:48','2024-08-13 12:32:48'),('guest','rr00000002','2024-08-15 12:43:28','2024-08-16 06:13:47');
INSERT INTO role_permissions(role_id,permission_id) VALUES('rr00000001','pp00000003'),('rr00000001','pp00000007'),('rr00000001','pp00000006'),('rr00000001','pp00000008'),('rr00000001','pp00000005'),('rr00000001','pp00000011'),('rr00000001','pp00000010'),('rr00000001','pp00000001'),('rr00000001','pp00000002'),('rr00000002','pp00000003'),('rr00000002','pp00000009'),('rr00000002','pp00000007'),('rr00000001','pp00000009'),('rr00000001','pp00000004'),('rr00000001','pp00000012'),('rr00000001','pp00000013'),('rr00000001','pp00000014'),('rr00000001','pp00000015');
